path	original_sha256	candidate_sha256	byte_identical	protected
LICENSE-NevIR.txt	1d219a1779942b44c97c031bc3b43ec191e45b36a637ef8a0c81d64bebbe2058	1d219a1779942b44c97c031bc3b43ec191e45b36a637ef8a0c81d64bebbe2058	True	True
README.md	8a0e801488f06969da86e1250720524103a4127439c56f6367fbc1d285beca3a	084dbae45debc537223b05313fb461564d9e6ae744d779f2edb9f210472181fd	False	False
SELF_CHECK.md	fdb58d76c32d0a3daacc758e8d4db3b388c45248fd50fa0b53a76fc8845221ef	03e541681be2d900364a4d4f2b5fa91997474b788febab233a8ea1d7287a44dd	False	False
checksums.json	eedd5baf7b3198f5497919a96d706cbd606cf839e2f477a5c384484e64063b58	1eaa48f83e4f9081afd382b3510126a176777e336a1e67c833d0bdf442c4a78a	False	False
config.json	ecb3e8a2e63a00b78af0816ae534a21392f7ab6c2e4a097b28c83aae93bbf23c	ecb3e8a2e63a00b78af0816ae534a21392f7ab6c2e4a097b28c83aae93bbf23c	True	True
core.py	14416b33c4d71cd590074c6955cc728d13af2d58885d10f7bbee9414386cd420	14416b33c4d71cd590074c6955cc728d13af2d58885d10f7bbee9414386cd420	True	True
data/confirmation/E0-scores.jsonl.gz	c65d6ec8f95fcbceb78fbe3e0c98a1a3ed1e05ebc41015c11648bfea0c6bc411	c65d6ec8f95fcbceb78fbe3e0c98a1a3ed1e05ebc41015c11648bfea0c6bc411	True	True
data/confirmation/fusion-scores.jsonl.gz	05d69c3251e14dfd16eef3de3a4a74c782e9f853ecff2def7c34c694487b17c1	05d69c3251e14dfd16eef3de3a4a74c782e9f853ecff2def7c34c694487b17c1	True	True
data/confirmation/labels.jsonl.gz	2150e54f048005a973a4e7dad06c37b87e68bd97a8c70cc751ed18d0d24641d5	2150e54f048005a973a4e7dad06c37b87e68bd97a8c70cc751ed18d0d24641d5	True	True
data/confirmation/n8-scores.jsonl.gz	e81ffeecebeb13ab5110a5720f88b25426cba3876778235b159a9994f1358b2e	e81ffeecebeb13ab5110a5720f88b25426cba3876778235b159a9994f1358b2e	True	True
data/development/E0-scores.jsonl.gz	86d99a972c3f769cd7235510cd61b209d0526b1c969bbc14aee3c61c8d18c243	86d99a972c3f769cd7235510cd61b209d0526b1c969bbc14aee3c61c8d18c243	True	True
data/development/labels.jsonl.gz	530a5fe93b711350beb162091f77233eb0b73cf86d6eab613f7a3f05a1f4cd12	530a5fe93b711350beb162091f77233eb0b73cf86d6eab613f7a3f05a1f4cd12	True	True
data/development/n8-scores.jsonl.gz	7567aa8fada0f333e25537ae9b9800079ce52082973cbe2877d21e3fc9bae261	7567aa8fada0f333e25537ae9b9800079ce52082973cbe2877d21e3fc9bae261	True	True
data/test/E0-scores.jsonl.gz	abdd81e8cf27e5981381ed4f3a81ae69f7d21960d6ee7d3ee6b317acf238abf4	abdd81e8cf27e5981381ed4f3a81ae69f7d21960d6ee7d3ee6b317acf238abf4	True	True
data/test/bge-scores.jsonl.gz	3cc9aaa36733c9b7c5437d314635766ce8cf4414f532cacdcf448998b09d5848	3cc9aaa36733c9b7c5437d314635766ce8cf4414f532cacdcf448998b09d5848	True	True
data/test/fusion-scores.jsonl.gz	fb6371b570b9c972b38029e2a0c02362b065425cf955ffc33f129a101d05a479	fb6371b570b9c972b38029e2a0c02362b065425cf955ffc33f129a101d05a479	True	True
data/test/l1-items.jsonl.gz	8094d41ff8d4c6a609b39740700960710c8de027ced8112a6cf3826f5bcd67d4	8094d41ff8d4c6a609b39740700960710c8de027ced8112a6cf3826f5bcd67d4	True	True
data/test/l2-items.jsonl.gz	6ef6cb904d2e7433f13ca1500c736d1109248f293cc14947a1328df4e4cf5269	6ef6cb904d2e7433f13ca1500c736d1109248f293cc14947a1328df4e4cf5269	True	True
data/test/labels.jsonl.gz	82fa34693bdb5f738e61a4c118e6c325f98ca5475192f8319d52b080847089d0	82fa34693bdb5f738e61a4c118e6c325f98ca5475192f8319d52b080847089d0	True	True
data/test/n8-scores.jsonl.gz	c91f8a3f4b2470d91c55b52666360a3eaed629e1942154baa568930f97adf726	c91f8a3f4b2470d91c55b52666360a3eaed629e1942154baa568930f97adf726	True	True
data/test/passages.jsonl.gz	3e9389c615eb3dd298d876bc3874accaf5368a96a3e9757864452c5838800b87	3e9389c615eb3dd298d876bc3874accaf5368a96a3e9757864452c5838800b87	True	True
data/test/queries.jsonl.gz	e080ce5e1a541d1b19b09b1d419b376c1b042383f0a1081060ab425a6107901e	e080ce5e1a541d1b19b09b1d419b376c1b042383f0a1081060ab425a6107901e	True	True
data/test/qwen-l1-scores.jsonl.gz	51c809b185265b74f942c15db6d93be2bbefdf544de50c60e53be4c21cdbf466	51c809b185265b74f942c15db6d93be2bbefdf544de50c60e53be4c21cdbf466	True	True
data/test/qwen-l2-scores.jsonl.gz	705893d1fa2b69f99e145a97560a11b72adf9fd3856f1bc15e8e43e8d567041b	705893d1fa2b69f99e145a97560a11b72adf9fd3856f1bc15e8e43e8d567041b	True	True
data/train/labels.jsonl.gz	ed1d0a486af102b111004801a0d3bc651e394e465b7b19987b56855487001a30	ed1d0a486af102b111004801a0d3bc651e394e465b7b19987b56855487001a30	True	True
dataset-provenance.json	5201e00bad4463bba81827d8047bd0d085b5b6a7d67716dd65b3681b848bffa9	5201e00bad4463bba81827d8047bd0d085b5b6a7d67716dd65b3681b848bffa9	True	True
expected/bge-l1-primary-per-query.jsonl.gz	2917cedec987540882e6545dc05fbec28e5df21f42c843ec3b9c0475aad725fe	2917cedec987540882e6545dc05fbec28e5df21f42c843ec3b9c0475aad725fe	True	True
expected/bge-l2-primary-per-query.jsonl.gz	74cbfbf564a5fb4fe8f8dc0a4af2bbeb5030666e26d84bfea2663d3ce2b2a2f6	74cbfbf564a5fb4fe8f8dc0a4af2bbeb5030666e26d84bfea2663d3ce2b2a2f6	True	True
expected/qwen-l1-primary-per-query.jsonl.gz	892e2c6840b1954aeeb0d76b27ef1723b66701da2e87d5797055bfda2b65fc85	892e2c6840b1954aeeb0d76b27ef1723b66701da2e87d5797055bfda2b65fc85	True	True
expected/qwen-l2-primary-per-query.jsonl.gz	5014ea28a46089ca60b841c81cef0272202c5776fe33de4871fc40a408bb8b28	5014ea28a46089ca60b841c81cef0272202c5776fe33de4871fc40a408bb8b28	True	True
expected/summary.json	07562a1e7930e3e1fe5ea49076faf5c31edc28363b7c3a3a79f1b35c7ab2585b	07562a1e7930e3e1fe5ea49076faf5c31edc28363b7c3a3a79f1b35c7ab2585b	True	True
historical-cost-summary.json	661aa77ea2437fe60172e8522fc2cdb5b1d3a3ba300c651c14da8780427d4163	661aa77ea2437fe60172e8522fc2cdb5b1d3a3ba300c651c14da8780427d4163	True	True
manifest.json	6461536da4cfc0b284e8692b3c7a737bb3fdcada3abbc234205c8eec696ee9d3	6461536da4cfc0b284e8692b3c7a737bb3fdcada3abbc234205c8eec696ee9d3	True	True
prompt.txt	6deb7b9632cf9f2fe69a83e4bfb366fa1df8c73269ed3df37671d7e8c59bf4c0	6deb7b9632cf9f2fe69a83e4bfb366fa1df8c73269ed3df37671d7e8c59bf4c0	True	True
reproduce.py	22e64228799fbac5cee84ec51bca547ecfc8876ec7dabc50d5c45da21b9c3bdd	22e64228799fbac5cee84ec51bca547ecfc8876ec7dabc50d5c45da21b9c3bdd	True	True
requirements.txt	71c3c52a9d350f8f959ae68252b4505dfbc825b79cc053c538425341ceeb1e89	71c3c52a9d350f8f959ae68252b4505dfbc825b79cc053c538425341ceeb1e89	True	True
rerun_judge.py	c1b88df741daf1a65878b8929629673b3777e0027b9f25371622daf6dd49ec67	c1b88df741daf1a65878b8929629673b3777e0027b9f25371622daf6dd49ec67	True	True
schema.json	19a972ecd1f4bfff9536935d93723da5796be644c9ee0b9ef4ddaeced4ddc167	19a972ecd1f4bfff9536935d93723da5796be644c9ee0b9ef4ddaeced4ddc167	True	True
test_reproduction.py	97419ccd66efe47ec92351aa1912661ff6a9cfaf85f264d2ce12ad18fa6f13e8	97419ccd66efe47ec92351aa1912661ff6a9cfaf85f264d2ce12ad18fa6f13e8	True	True
